USER_ID,UBICATION,CORPORATE
36,Medellin,Sufi
85,Medellin,Bancolombia
144,Medellin,Bancolombia
194,Medellin,Bancolombia
227,Medellin,Bancolombia
233,Medellin,Bancolombia
234,Medellin,Bancolombia
250,Medellin,Bancolombia
313,Medellin,Bancolombia
318,Medellin,Bancolombia
326,Medellin,Bancolombia
335,Barranquilla,Bancolombia
336,Medellin,Bancolombia
396,Medellin,Bancolombia
408,Medellin,Bancolombia
427,Medellin,Bancolombia
451,Medellin,Bancolombia
470,Medellin,Bancolombia
481,Medellin,Bancolombia
485,Medellin,Bancolombia
521,Medellin,Bancolombia
554,Medellin,Bancolombia
582,Medellin,Bancolombia
601,Medellin,Bancolombia
632,Medellin,Bancolombia
660,Medellin,Bancolombia
681,Medellin,Bancolombia
712,Medellin,Bancolombia
764,Medellin,Bancolombia
772,Villavicencio,Bancolombia
792,Neiva,Bancolombia
794,Medellin,Bancolombia
806,Envigado,Bancolombia
814,Medellin,Bancolombia
821,Medellin,Bancolombia
872,Medellin,Bancolombia
926,Medellin,Bancolombia
927,Medellin,Bancolombia
940,Medellin,Bancolombia
951,Medellin,Bancolombia
982,Medellin,Bancolombia
1005,Medellin,Bancolombia
1009,Medellin,Bancolombia
1030,Medellin,Bancolombia
1062,Medellin,Bancolombia
1073,Medellin,Bancolombia
1091,Medellin,Bancolombia
1128,Medellin,Bancolombia
1134,Medellin,Bancolombia
1146,Medellin,Bancolombia
1170,Medellin,Bancolombia
1184,Medellin,Bancolombia
1188,Medellin,Bancolombia
1215,Medellin,Bancolombia
1245,Medellin,Bancolombia
1282,Medellin,Bancolombia
1294,Medellin,Bancolombia
1302,Medellin,Bancolombia
1311,Medellin,Bancolombia
1314,Medellin,Bancolombia
1323,Medellin,Bancolombia
1340,Medellin,Bancolombia
1362,Medellin,Bancolombia
1421,Medellin,Bancolombia
1432,Medellin,Bancolombia
1439,Medellin,Bancolombia
1448,Medellin,Bancolombia
1478,Medellin,Bancolombia
1486,Medellin,Bancolombia
1492,Medellin,Bancolombia
1496,Medellin,Bancolombia
1525,Medellin,Bancolombia
1537,Medellin,Bancolombia
1559,Medellin,Bancolombia
1578,Medellin,Bancolombia
1583,Medellin,Bancolombia
1590,Medellin,Bancolombia
1654,Medellin,Renting
1655,Medellin,Renting
1747,Medellin,Bancolombia
1775,Medellin,Renting
1790,Santafe De Bogota D.C.,Bancolombia
1792,Medellin,Bancolombia
1842,Medellin,Bancolombia
1850,Medellin,Bancolombia
1862,Santa Rosa De Osos,Bancolombia
1877,Manizales,Bancolombia
1887,Medellin,Bancolombia
1909,Medellin,Bancolombia
1956,Medellin,Bancolombia
1984,Medellin,Bancolombia
1989,Medellin,Bancolombia
2007,Envigado,Bancolombia
2031,Medellin,Bancolombia
2047,Medellin,Bancolombia
2060,Santafe De Bogota D.C.,Bancolombia
2079,Medellin,Bancolombia
2094,Medellin,Bancolombia
2108,Medellin,Bancolombia
2131,Envigado,Bancolombia
2132,Medellin,Bancolombia
2153,Medellin,Bancolombia
2163,Medellin,Bancolombia
2170,Medellin,Bancolombia
2226,Medellin,Bancolombia
2242,Rionegro,Bancolombia
2258,Medellin,Bancolombia
2279,Medellin,Bancolombia
2379,Medellin,Bancolombia
2496,Medellin,Bancolombia
2660,Santafe De Bogota D.C.,Bancolombia
2672,Medellin,Bancolombia
2692,Medellin,Bancolombia
2694,Santafe De Bogota D.C.,Bancolombia
2709,Medellin,Bancolombia
2883,Medellin,Bancolombia
2904,Medellin,Bancolombia
2932,Cali,Bancolombia
2936,Medellin,Bancolombia
2955,Medellin,Bancolombia
2972,Medellin,Bancolombia
2998,Medellin,Bancolombia
3030,Sabaneta,Bancolombia
3080,Medellin,Bancolombia
3177,Sabaneta,Bancolombia
3182,Medellin,Bancolombia
3186,Santafe De Bogota D.C.,Bancolombia
3202,Medellin,Bancolombia
3298,Medellin,Bancolombia
3408,Medellin,Bancolombia
3471,Medellin,Bancolombia
3481,Medellin,Bancolombia
3614,Soacha,Bancolombia
3643,Medellin,Bancolombia
3647,Tocancipa,Bancolombia
3651,Santafe De Bogota D.C.,Bancolombia
3671,Aguachica,Bancolombia
3672,Cali,Bancolombia
3743,Medellin,Bancolombia
3755,Medellin,Bancolombia
3781,Itagui,Bancolombia
3832,Medellin,Bancolombia
3845,Medellin,Bancolombia
3868,Medellin,Bancolombia
3961,Medellin,O-tek
3966,Abejorral,Pintuco
3991,Santafe De Bogota D.C.,Bancolombia
4142,Medellin,Bancolombia
4156,Medellin,Bancolombia
4172,Medellin,Bancolombia
4191,Santafe De Bogota D.C.,Bancolombia
4214,Santafe De Bogota D.C.,Bancolombia
4220,Medellin,Bancolombia
4228,La Estrella,Bancolombia
4287,Medellin,Bancolombia
4290,Abejorral,Bancolombia
4312,Medellin,Bancolombia
4388,Medellin,Bancolombia
4438,Medellin,Bancolombia
4475,Medellin,Bancolombia
4496,Santafe De Bogota D.C.,Bancolombia
4534,Cali,Bancolombia
4551,Cali,Bancolombia
4562,Medellin,Bancolombia
4578,Abejorral,Bancolombia
4584,Medellin,Bancolombia
4598,Medellin,Bancolombia
4683,Medellin,Bancolombia
4686,Santafe De Bogota D.C.,Bancolombia
4848,Medellin,Bancolombia
4904,Medellin,Bancolombia
4906,Medellin,Bancolombia
4910,Medellin,Bancolombia
4933,Medellin,Bancolombia
5032,Medellin,Servicios Nutresa
5107,Medellin,Bancolombia
5172,Medellin,Servicios Nutresa
5183,Medellin,Bancolombia
5232,Medellin,Bancolombia
5287,Medellin,Bancolombia
5298,Medellin,Bancolombia
5311,Rionegro,Bancolombia
5332,Envigado,Bancolombia
5403,Medellin,Bancolombia
5419,Copacabana,Haceb
5439,Medellin,Haceb
5502,Medellin,Bancolombia
5609,Medellin,Argos
5622,Medellin,Argos
5781,Santafe De Bogota D.C.,Bancolombia
5803,Medellin,Bancolombia
5810,Medellin,Bancolombia
5863,Envigado,Bancolombia
5910,Medellin,Bancolombia
5918,Medellin,Bancolombia
5925,La Estrella,Bancolombia
5934,Bello,Bancolombia
5984,Medellin,Bancolombia
5992,Sabaneta,Bancolombia
5994,Medellin,Bancolombia
6003,Medellin,Bancolombia
6005,Envigado,Bancolombia
6020,La Ceja,Bancolombia
6049,Medellin,Bancolombia
6050,Medellin,Bancolombia
6051,Guarne,Bancolombia
6070,Medellin,Bancolombia
6077,Medellin,Bancolombia
6079,Medellin,Bancolombia
6095,Copacabana,Bancolombia
6098,Medellin,Bancolombia
6100,Santafe De Bogota D.C.,Bancolombia
6106,Rionegro,Bancolombia
6108,Medellin,Suramericana
6122,Medellin,Bancolombia
6140,Medellin,Bancolombia
6154,Medellin,Bancolombia
6172,Itagui,Bancolombia
6185,Medellin,Bancolombia
6198,Envigado,Bancolombia
6201,Medellin,Bancolombia
6207,Villavicencio,Bancolombia
6209,Marinilla,Bancolombia
6210,Medellin,Bancolombia
6216,Puerto Lopez,Bancolombia
6249,Santafe De Bogota D.C.,Bancolombia
6251,Santafe De Bogota D.C.,Bancolombia
6252,Popayan,Bancolombia
6255,Medellin,Bancolombia
6270,Santafe De Bogota D.C.,Bancolombia
6295,Medellin,Bancolombia
6314,Medellin,Bancolombia
6315,Medellin,Bancolombia
6323,Medellin,Bancolombia
6330,Medellin,Bancolombia
6334,Medellin,Bancolombia
6339,Medellin,Bancolombia
6348,La Ceja,Bancolombia
6356,Medellin,Bancolombia
6365,Santafe De Bogota D.C.,Bancolombia
6369,Santafe De Bogota D.C.,Bancolombia
6392,Soacha,Bancolombia
6409,Villavicencio,Bancolombia
6450,Medellin,Bancolombia
6458,Rionegro,Bancolombia
6498,Medellin,Bancolombia
6505,Medellin,Bancolombia
6564,Medellin,Bancolombia
6594,Medellin,Bancolombia
6613,Medellin,Bancolombia
6629,Sincelejo,Bancolombia
6669,Manizales,Bancolombia
6671,Santafe De Bogota D.C.,Bancolombia
6701,Medellin,Bancolombia
6711,Medellin,Bancolombia
6724,Santafe De Bogota D.C.,Bancolombia
6760,Santafe De Bogota D.C.,Bancolombia
6764,Lorica,Bancolombia
6771,Medellin,Bancolombia
6773,Medellin,Bancolombia
6778,Antioquia,Bancolombia
6783,Medellin,Bancolombia
6787,Rionegro,Bancolombia
6788,Medellin,Bancolombia
6793,Medellin,Bancolombia
6798,Medellin,Bancolombia
6807,Popayan,Bancolombia
6817,Santafe De Bogota D.C.,Bancolombia
6826,Medellin,Bancolombia
6834,Medellin,Bancolombia
6841,Santafe De Bogota D.C.,Bancolombia
6869,Rionegro,Bancolombia
6872,Rionegro,Bancolombia
6887,Medellin,Bancolombia
6913,Medellin,Bancolombia
6915,Bello,Bancolombia
6917,Medellin,Bancolombia
6932,Pereira,Bancolombia
6935,Santafe De Bogota D.C.,Bancolombia
6959,Santafe De Bogota D.C.,Bancolombia
7015,Medellin,Bancolombia
7020,Medellin,Bancolombia
7047,Rionegro,Bancolombia
7085,Medellin,Bancolombia
7102,Santafe De Bogota D.C.,Bancolombia
7119,Santafe De Bogota D.C.,Bancolombia
7163,Dosquebradas,Bancolombia
7227,Envigado,FEC
7278,Medellin,Bancolombia
7306,Medellin,Bancolombia
7314,La Ceja,Bancolombia
7327,Abejorral,Bancolombia
7334,La Ceja,Bancolombia
7337,Santafe De Bogota D.C.,Bancolombia
7349,Santafe De Bogota D.C.,Bancolombia
7393,Medellin,Bancolombia
7429,Rionegro,Bancolombia
7432,Rionegro,Bancolombia
7515,Sabaneta,Bancolombia
7520,Santafe De Bogota D.C.,Bancolombia
7529,Medellin,Bancolombia
7545,Santafe De Bogota D.C.,Bancolombia
7546,Medellin,Bancolombia
7586,Medellin,Bancolombia
7590,Medellin,Bancolombia
7592,Medellin,Bancolombia
7608,Medellin,Bancolombia
7612,Medellin,Bancolombia
7615,Medellin,Bancolombia
7616,Santafe De Bogota D.C.,Bancolombia
7623,Santafe De Bogota D.C.,Bancolombia
7658,Medellin,Bancolombia
7673,Medellin,Bancolombia
7675,Santafe De Bogota D.C.,Bancolombia
7684,Santafe De Bogota D.C.,Bancolombia
7735,Santafe De Bogota D.C.,Bancolombia
7739,Marinilla,Bancolombia
7760,Santafe De Bogota D.C.,Bancolombia
7765,Santafe De Bogota D.C.,Bancolombia
7782,Rionegro,Bancolombia
7786,Medellin,Bancolombia
7789,Medellin,Bancolombia
7796,Medellin,Bancolombia
7799,Medellin,Bancolombia
7803,Medellin,Bancolombia
7809,Medellin,Bancolombia
7814,Entrerrios,Bancolombia
7828,Medellin,Bancolombia
7850,Medellin,Bancolombia
7902,San Pedro,Bancolombia
7910,Medellin,Bancolombia
7911,Santafe De Bogota D.C.,Bancolombia
7922,Medellin,Bancolombia
7952,Libano,Bancolombia
7981,Santafe De Bogota D.C.,Bancolombia
8008,Medellin,Bancolombia
8009,Santafe De Bogota D.C.,Bancolombia
8020,Medellin,Bancolombia
8030,Medellin,Bancolombia
8088,Medellin,Bancolombia
8090,Medellin,Bancolombia
8109,Medellin,Bancolombia
8117,Medellin,Bancolombia
8123,Medellin,Bancolombia
8126,Santafe De Bogota D.C.,Bancolombia
8174,Medellin,Bancolombia
8177,Medellin,Bancolombia
8212,Medellin,Bancolombia
8215,Envigado,Bancolombia
8217,Santafe De Bogota D.C.,Bancolombia
8220,Medellin,Bancolombia
8229,Medellin,Bancolombia
8262,Envigado,Bancolombia
8266,Medellin,Bancolombia
8328,Medellin,Bancolombia
8377,Bello,Bancolombia
8398,Santafe De Bogota D.C.,Bancolombia
8407,Medellin,Bancolombia
8463,Medellin,Bancolombia
8548,Medellin,Bancolombia
8557,Marinilla,Bancolombia
8572,Santa Marta,Bancolombia
8599,Medellin,Bancolombia
8600,Santafe De Bogota D.C.,Bancolombia
8606,Medellin,Bancolombia
8656,Santafe De Bogota D.C.,Bancolombia
8666,Medellin,Bancolombia
8678,Medellin,Bancolombia
8692,Medellin,Bancolombia
8698,Medellin,Pragma
8700,Medellin,Bancolombia
8752,Medellin,Bancolombia
8760,Medellin,Bancolombia
8787,Medellin,Bancolombia
8807,Medellin,Bancolombia
8821,Medellin,Bancolombia
8823,Medellin,Bancolombia
8847,Medellin,Bancolombia
8848,Medellin,Bancolombia
8864,La Dorada,Bancolombia
8869,Santafe De Bogota D.C.,Bancolombia
8915,Medellin,Bancolombia
8947,Medellin,Bancolombia
8975,Albania,Bancolombia
8990,Santafe De Bogota D.C.,Bancolombia
9015,Bello,Bancolombia
9016,Santafe De Bogota D.C.,Bancolombia
9030,Medellin,Bancolombia
9035,Medellin,Bancolombia
9095,Santafe De Bogota D.C.,Bancolombia
9109,Medellin,Bancolombia
9125,Medellin,Bancolombia
9139,Itagui,Bancolombia
9144,Medellin,Bancolombia
9156,Medellin,Bancolombia
9202,San Pedro,Bancolombia
9213,Medellin,Bancolombia
9256,Medellin,Bancolombia
9271,Envigado,Bancolombia
9289,Medellin,Bancolombia
9313,Santafe De Bogota D.C.,Bancolombia
9325,Santafe De Bogota D.C.,Bancolombia
9372,Manizales,Bancolombia
9374,Santafe De Bogota D.C.,Bancolombia
9383,Cucuta,Bancolombia
9402,Santafe De Bogota D.C.,Bancolombia
9424,Santafe De Bogota D.C.,Bancolombia
9425,Santafe De Bogota D.C.,Bancolombia
9442,Santafe De Bogota D.C.,Bancolombia
9515,Medellin,Bancolombia
9534,Itagui,Bancolombia
9543,Medellin,Bancolombia
9547,Andes,Bancolombia
9642,Villavicencio,Bancolombia
9665,Itagui,Bancolombia
9672,Santafe De Bogota D.C.,Bancolombia
9685,Medellin,Bancolombia
9718,Pereira,Bancolombia
9739,Medellin,Bancolombia
9756,Medellin,Bancolombia
9776,Medellin,Bancolombia
9791,Medellin,Bancolombia
9795,Garagoa,Bancolombia
9835,Medellin,Bancolombia
9878,Medellin,Bancolombia
9888,Santafe De Bogota D.C.,Bancolombia
9892,Medellin,Bancolombia
9897,Santafe De Bogota D.C.,Bancolombia
9902,Medellin,Bancolombia
9941,Medellin,Bancolombia
9985,Medellin,Bancolombia
10047,Medellin,Bancolombia
11197,Medellin,Bancolombia
11215,Santafe De Bogota D.C.,Proteccion
11236,Envigado,Bancolombia
11262,Guatemala,BAM
11288,Medellin,Bancolombia
11292,Medellin,Bancolombia
11342,Medellin,Bancolombia
11450,Medellin,Bancolombia
11548,Santafe De Bogota D.C.,Bancolombia
11623,La Ceja,Bancolombia
11638,Barranquilla,Bancolombia
11643,Rionegro,Bancolombia
11728,Bello,Bancolombia
11748,Santafe De Bogota D.C.,Bancolombia
11751,Santafe De Bogota D.C.,Bancolombia
11761,Cali,Bancolombia
11765,Medellin,Bancolombia
11775,Santafe De Bogota D.C.,Bancolombia
11777,Envigado,Fabricato
11782,Medellin,Fabricato
11848,Neiva,Bancolombia
11859,Santafe De Bogota D.C.,Bancolombia
11865,Medellin,Bancolombia
11882,Medellin,Bancolombia
11898,Medellin,Bancolombia
11949,Medellin,Tuya
11950,Medellin,Tuya
11962,Medellin,Tuya
11968,Medellin,Tuya
11969,Medellin,Sura
11981,Medellin,Tuya
11999,Medellin,Tuya
12056,Neiva,Tuya
12080,Medellin,Tuya
12090,Medellin,Bancolombia
12115,Guatemala,BAM
12120,Itagui,Bancolombia
12123,Barranquilla,Tuya
12132,Armenia,Bancolombia
12164,Medellin,Bancolombia
12215,Armenia,Bancolombia
12586,Manizales,Bancolombia
12617,Medellin,Bancolombia
12700,La Union,Bancolombia
12773,Medellin,Bancolombia
12793,Envigado,Tuya
12803,Marinilla,Bancolombia
12920,Medellin,Bancolombia
12943,Rionegro,Bancolombia
12961,Medellin,Bancolombia
12980,Medellin,Bancolombia
12982,Medellin,Bancolombia
13033,Medellin,Bancolombia
13034,Marinilla,Bancolombia
13076,Medellin,Proteccion
13081,Medellin,Proteccion
13184,Medellin,Tuya
13188,Medellin,Proteccion
13201,Santafe De Bogota D.C.,Proteccion
13203,Medellin,Bancolombia
13208,Medellin,Bancolombia
13261,Medellin,Bancolombia
13280,Santafe De Bogota D.C.,Bancolombia
13285,Medellin,Proteccion
13289,Medellin,Bancolombia
13296,Medellin,Proteccion
13322,Medellin,Tuya
13381,Bello,Tuya
13385,Barranquilla,Bancolombia
13446,Medellin,Bancolombia
13466,Santafe De Bogota D.C.,Bancolombia
13479,Medellin,Bancolombia
13551,Medellin,Bancolombia
13607,Santafe De Bogota D.C.,Tuya
13740,Envigado,Bancolombia
13742,Medellin,Bancolombia
13785,Guatemala,BAM
13786,Medellin,Bancolombia
13790,Medellin,Bancolombia
13805,Santafe De Bogota D.C.,Bancolombia
13871,Santafe De Bogota D.C.,Bancolombia
13898,Medellin,Bancolombia
13966,Medellin,Bancolombia
14033,Medellin,Bancolombia
14181,Medellin,Bancolombia
14229,Envigado,Bancolombia
14363,Rionegro,Bancolombia
14412,Rionegro,Bancolombia
14429,Caldas,Proteccion
14438,Medellin,Proteccion
14465,Medellin,Bancolombia
14524,Medellin,Bancolombia
14570,Medellin,Bancolombia
14593,Medellin,Proteccion
14681,Bello,Bancolombia
14692,Medellin,Pragma
14699,Santafe De Bogota D.C.,Bancolombia
14718,Santafe De Bogota D.C.,Bancolombia
14791,Medellin,Bancolombia
14793,Rionegro,Bancolombia
14812,Santafe De Bogota D.C.,Bancolombia
14826,Medellin,Bancolombia
14845,Medellin,Pragma
14872,Medellin,Bancolombia
14874,Medellin,Bancolombia
14931,Medellin,Bancolombia
14970,Puerto CarreÃ±o,Bancolombia
15105,Salgar,Bancolombia
15242,Medellin,Bancolombia
15321,Manizales,Bancolombia
15403,Duitama,Bancolombia
15424,Cartagena,Tuya
15460,Medellin,Tuya
15475,Medellin,Bancolombia
15544,Medellin,Bancolombia
15556,Buenaventura,Bancolombia
15559,Envigado,Bancolombia
15563,Lorica,Bancolombia
15566,Medellin,Tuya
15572,Medellin,Tuya
15636,Medellin,Bancolombia
15712,Medellin,Bancolombia
15732,Santafe De Bogota D.C.,Bancolombia
15783,Medellin,Bancolombia
15786,Medellin,Bancolombia
15787,Medellin,Bancolombia
15791,Medellin,Bancolombia
15838,Medellin,Isagen
15865,Funza,Pastas Doria
15866,Medellin,Isagen
15872,Sabaneta,Isagen
15913,Medellin,Invitados
15918,Medellin,Isagen
15944,Medellin,Pragma
15978,Medellin,Isagen
15979,Bucaramanga,Isagen
15987,Cali,Bancolombia
15994,Medellin,Suramericana
16021,Medellin,Bancolombia
16049,Santafe De Bogota D.C.,Bancolombia
16057,Envigado,Isagen
16066,Floridablanca,Isagen
16075,Bello,Isagen
16093,Medellin,Bancolombia
16126,Medellin,Tuya
16156,Cali,Bancolombia
16169,Manizales,Isagen
16268,Medellin,Bancolombia
16332,La Dorada,Isagen
16409,Medellin,Isagen
16416,Zarzal,Riopaila
16424,Rionegro,Isagen
16479,Medellin,Bancolombia
16526,Envigado,Bancolombia
16527,Medellin,Bancolombia
16535,Envigado,Isagen
16557,Medellin,Bancolombia
16578,Medellin,Bancolombia
16598,Medellin,Renting
16684,Santafe De Bogota D.C.,Navitrans
16694,Medellin,Bancolombia
16895,Caucasia,Bancolombia
16910,Planeta Rica,Bancolombia
16966,Medellin,Bancolombia
17033,Medellin,Bancolombia
17034,Medellin,Bancolombia
17038,La Ceja,Isagen
17050,Medellin,Isagen
17060,Sabaneta,Bancolombia
17065,Medellin,Isagen
17093,Santafe De Bogota D.C.,Bancolombia
17118,Itagui,Bancolombia
17119,Medellin,Bancolombia
17120,Medellin,Coltabaco
17146,Bello,Bancolombia
17149,Medellin,Bancolombia
17208,Medellin,Bancolombia
17267,Medellin,Pragma
17362,Sahagun,Bancolombia
17410,Medellin,Bancolombia
17476,Santafe De Bogota D.C.,Bancolombia
17785,Medellin,Argos
17893,Medellin,Bancolombia
17917,Santafe De Bogota D.C.,Bancolombia
17949,Medellin,Bancolombia
17995,Yumbo,Sodexo
18023,Albania,Sodexo
18043,La Ceja,Bancolombia
18053,Itagui,Bancolombia
18158,Barranquilla,Argos
18365,Medellin,Bancolombia
18382,Santafe De Bogota D.C.,Sufi
18436,Barranquilla,Coltabaco
18465,Medellin,Bancolombia
18573,Medellin,Bancolombia
18627,Barranquilla,Bancolombia
18635,Medellin,Bancolombia
18687,Envigado,Noel
18707,Santafe De Bogota D.C.,Pastas Doria
18732,Medellin,Bancolombia
18790,Medellin,Noel
18805,Villavicencio,Bancolombia
18811,Santafe De Bogota D.C.,Bancolombia
18856,Bello,Navitrans
18897,Caldas,Navitrans
18969,Santafe De Bogota D.C.,Sura
18992,Medellin,Sura
18997,Medellin,Sura
19005,Medellin,Sura
19041,Cali,Sura
19089,Medellin,Sura
19113,Medellin,Sura
19130,Medellin,Sura
19139,Medellin,Sura
19144,Medellin,Sura
19224,Medellin,Sura
19232,Medellin,Sura
19253,Cali,Sura
19267,Antioquia,Sura
19269,Carmen De Viboral,Sura
19276,Medellin,Sura
19309,Medellin,Sura
19325,Armenia,Sura
19359,Medellin,Sura
19369,Medellin,Proteccion
19372,Sabaneta,Bancolombia
19375,Sabaneta,Bancolombia
19378,Medellin,Sura
19433,Medellin,Sura
19445,Medellin,Sura
19450,Medellin,Sura
19453,Envigado,Sura
19471,Medellin,Bancolombia
19475,Santafe De Bogota D.C.,Proteccion
19481,Medellin,Bancolombia
19487,Medellin,Sura
19511,Sabaneta,Sura
19551,Girardota,Sura
19558,Pereira,Sura
19574,Medellin,Bancolombia
19601,Medellin,Sura
19620,Medellin,Sura
19642,Medellin,Sura
19675,Medellin,Tuya
19715,Medellin,Sura
19746,Medellin,Sura
19753,Santafe De Bogota D.C.,Bancolombia
19797,Medellin,Bancolombia
19798,La Ceja,Bancolombia
19825,Medellin,Bancolombia
19833,Envigado,Noel
19839,Medellin,Navitrans
19882,Bello,Sura
19890,Medellin,Bancolombia
19898,Medellin,Bancolombia
19934,Medellin,Bancolombia
19941,Sabaneta,Bancolombia
19943,Bello,Bancolombia
19987,Medellin,Bancolombia
19993,Medellin,Magnum
20018,Santafe De Bogota D.C.,Bancolombia
20026,Medellin,Bancolombia
20112,Medellin,Pragma
20155,Medellin,Postobon
20163,Medellin,Postobon
20217,Medellin,Postobon
20228,Medellin,Postobon
20263,Santafe De Bogota D.C.,Bancolombia
20307,Medellin,Bancolombia
20364,Envigado,El Colombiano
20418,Medellin,El Colombiano
20442,Jardin,Bancolombia
20481,Envigado,El Colombiano
20489,Medellin,Postobon
20521,Itagui,Magnum
20617,Medellin,Sura
20680,Medellin,Bancolombia
20685,Facatativa,Bancolombia
20725,Envigado,El Colombiano
20767,Rionegro,Bancolombia
20840,La Ceja,Bancolombia
20912,Medellin,Isagen
20926,Sabaneta,Sura
20953,Medellin,Sura
20987,Medellin,Proteccion
21009,Armenia,Bancolombia
21031,Bello,Bancolombia
21032,Rionegro,Bancolombia
21051,Itagui,Bancolombia
21052,Santafe De Bogota D.C.,Pragma
21080,Medellin,Bancolombia
21087,Antioquia,Bancolombia
21094,Envigado,Isagen
21106,Itagui,Bancolombia
21139,Medellin,Isagen
21148,Medellin,Bancolombia
21154,Medellin,Sura
21162,Medellin,Sura
21181,Medellin,Sura
21186,Medellin,Sura
21228,Medellin,Sura
21254,Bello,Sura
21264,Medellin,Sura
21269,Medellin,Bancolombia
21283,Medellin,Bancolombia
21290,Medellin,Todo1
21298,Santafe De Bogota D.C.,Todo1
21335,Medellin,Todo1
21340,Medellin,Todo1
21357,Medellin,Todo1
21452,Medellin,Redllantas
21502,Sabaneta,Tania
21509,Antioquia,Bancolombia
21519,Medellin,Sura
21523,Medellin,Sura
21563,Medellin,ColcafÃ©
21567,Medellin,Bancolombia
21577,Medellin,Satrack
21603,Medellin,Pragma
21632,Medellin,Sura
21636,Sabaneta,ColcafÃ©
21653,Santafe De Bogota D.C.,Cruz Roja Bogota
21661,Santafe De Bogota D.C.,Freeport Store
21678,Medellin,Tuya
21707,Medellin,ColcafÃ©
21710,Rionegro,ColcafÃ©
21716,Medellin,ColcafÃ©
21724,Medellin,Bancolombia
21741,Bello,ColcafÃ©
21810,Medellin,Bancolombia
21831,Medellin,ColcafÃ©
21834,Guarne,Bancolombia
21869,Medellin,PersonalSoft
21893,Medellin,PersonalSoft
21900,Rionegro,Bancolombia
21908,Medellin,Bancolombia
21956,Rionegro,Bancolombia
21994,Medellin,Bancolombia
22000,Medellin,PersonalSoft
22018,Medellin,Satrack
22028,Medellin,Satrack
22068,Santafe De Bogota D.C.,PersonalSoft
22111,Medellin,Sura
22132,Medellin,Bancolombia
22136,Sabaneta,Proteccion
22137,Guarne,Bancolombia
22153,Cali,Sodexo
22165,Medellin,Incolmotos - Yamaha 
22166,Medellin,Bancolombia
22170,Medellin,Satrack
22181,Medellin,Bancolombia
22189,Cali,Bancolombia
22206,Medellin,Sura
22207,Rionegro,Bancolombia
22247,Bello,ColcafÃ©
22272,Medellin,Bancolombia
22281,Medellin,Bancolombia
22288,Medellin,Ci Iblu
22305,Santafe De Bogota D.C.,Bancolombia
22326,Medellin,Sura
22328,Medellin,Tuya
22336,Barranquilla,Satrack
22354,Bello,Bancolombia
22355,Santafe De Bogota D.C.,Autoamerica
22369,Medellin,Sura
22372,Medellin,Bancolombia
22391,Medellin,Bancolombia
22395,Medellin,Andar
22396,Medellin,Andar
22403,Cali,Bancolombia
22410,Santafe De Bogota D.C.,Bancolombia
22438,Medellin,Bancolombia
22443,Sabaneta,Grupo Orbis
22451,Marinilla,Bancolombia
22453,Bello,Postobon
22470,Bello,Bancolombia
22501,Facatativa,Bancolombia
22521,Envigado,Bancolombia
22526,Medellin,PersonalSoft
22527,Medellin,PersonalSoft
22537,Copacabana,Bancolombia
22550,Sabaneta,Pragma
22553,Medellin,Bancolombia
22562,Medellin,Bancolombia
22582,Medellin,Freeport Store
22589,La Ceja,Bancolombia
22646,Medellin,Bancolombia
22659,Medellin,Satrack
22667,Medellin,Bancolombia
22668,Medellin,Bancolombia
22671,Santafe De Bogota D.C.,Bancolombia
22679,OcaÃ±a,Bancolombia
22697,Santafe De Bogota D.C.,Bancolombia
22704,Sahagun,Bancolombia
22721,Medellin,Bancolombia
22727,San Pedro,Bancolombia
22733,Santafe De Bogota D.C.,Bancolombia
22741,Envigado,Ayuramotor
22744,Medellin,PersonalSoft
22764,Santafe De Bogota D.C.,Bancolombia
22765,Santafe De Bogota D.C.,Bancolombia
22767,Medellin,Bancolombia
22769,Santafe De Bogota D.C.,Bancolombia
22771,Medellin,PersonalSoft
22772,Medellin,Pragma
22773,Santafe De Bogota D.C.,Bancolombia
22777,Medellin,Sura
22778,Medellin,Globant
22782,Santafe De Bogota D.C.,Bancolombia
22783,Medellin,Bancolombia
22784,Guarne,Bancolombia
22785,Sabaneta,Todo1
22786,Envigado,Bancolombia
22787,Medellin,Sura
22788,Medellin,Sura
22793,Copacabana,Bancolombia
22794,Medellin,Bancolombia
22795,Medellin,Globant
22796,Santafe De Bogota D.C.,Globant
22797,Medellin,Tuya
22798,Medellin,Eafit
22800,Medellin,Eafit
22802,Medellin,Eafit
22806,Medellin,Isagen
22807,Medellin,Sura
22808,Medellin,Sura
22810,Medellin,Sura
22811,Medellin,Sura
22813,Medellin,Sura
22814,OcaÃ±a,Tuya
22815,Medellin,Sura
22816,Medellin,Sura
22817,Barranquilla,Sura
22818,Medellin,Sura
22819,Medellin,Satrack
22821,Medellin,Sura
22822,Medellin,Sura
22824,Envigado,Sura
22826,Medellin,Sura
22828,Medellin,Sura
22829,Medellin,Sura
22830,Medellin,Sura
22831,Medellin,Sura
22832,Medellin,Sura
22833,Envigado,Sura
22834,Envigado,Sura
22835,Medellin,Sura
22836,Envigado,Sura
22838,Medellin,Sura
22839,Medellin,Sura
22840,Bello,Sura
22841,Medellin,Sura
22842,Medellin,Sura
22843,Medellin,Sura
22844,Medellin,Sura
22845,Cali,Sura
22846,Medellin,Sura
22847,Bello,Sura
22848,Barbosa,Sura
22850,Envigado,Sura
22851,Medellin,Sura
22853,Medellin,Sura
22855,Cajica,Sura
22857,Villavicencio,Bancolombia
22858,Medellin,Sura
22859,Medellin,Sura
22860,Envigado,Sura
22861,Medellin,Sura
22862,Medellin,Sura
22863,Medellin,Sura
22864,Medellin,Sura
22867,Medellin,Sura
22868,Cali,Sura
22869,Medellin,Sura
22871,Cali,Sura
22873,Envigado,Sura
22874,Cali,Sura
22875,Medellin,Sura
22876,Medellin,Sura
22878,Envigado,Sura
22880,Medellin,Sura
22881,Medellin,Sura
22882,Sabaneta,Sura
22884,Medellin,Sura
22885,Medellin,Sura
22887,Medellin,Sura
22889,Envigado,Sura
22890,Rionegro,Sura
22891,Medellin,Sura
22892,Medellin,Sura
22893,Medellin,PersonalSoft
22895,Medellin,Sura
22897,Medellin,ColcafÃ©
22898,Medellin,Sura
22899,Medellin,Sura
22902,Medellin,Constructora Prohogar 
22903,Medellin,Sura
22904,Barranquilla,Sura
22906,Medellin,Constructora Prohogar 
22909,Itagui,Sura
22910,Envigado,Bancolombia
22913,Bello,Sura
22914,Armenia,Bancolombia
22915,Bello,Bancolombia
22917,Santafe De Bogota D.C.,Bancolombia
22918,Medellin,Sura
22919,Medellin,Sura
22920,Medellin,Sura
22922,Medellin,Bancolombia
22926,Medellin,Pragma
22928,Santafe De Bogota D.C.,Bancolombia
22930,Medellin,Sura
22931,Medellin,Sura